{"coords": [[30.337429862128374, 19.291846808749767], [55.306296232078644, 38.87701155142997], [65.79358197379143, 63.46743489035781], [59.64704837649704, 12.930607892677148], [38.15004171977705, 99.11096534649968], [13.46490059573674, 8.42410912220528], [82.46421835456465, 96.50585198269796], [68.0085251968493, 88.07339304626518], [52.857803166123404, 33.669482523573], [70.90841362354526, 44.33676952444635], [27.735922546117198, 81.63490527776084], [1.0775917683575997, 8.706390274975229], [62.86611715614156, 67.27354217543467], [82.68669164151888, 99.1332560013428], [75.29757899654189, 2.361963314026405], [45.46540291246991, 69.96661816466371], [11.74334187856495, 81.77081868000712], [7.189130866428406, 55.57957885360714], [99.1273233618218, 57.18882779394009], [21.828608147731764, 57.71886830707748], [47.28980016159531, 19.28743059557192], [2.3620857869485756, 6.91347673921886], [85.12876206442576, 93.27688167331412], [10.541855933222855, 40.22598611288471], [59.14308527953631, 90.50605183342513], [51.859776256865764, 2.7862259849264936]], "distances": [[0.0, 58.0, 46.0, 88.0, 65.0, 72.0, 84.0, 36.0, 45.0, 88.0, 10.0, 58.0, 28.0, 90.0, 73.0, 61.0, 35.0, 19.0, 16.0, 56.0, 85.0, 49.0, 73.0, 26.0, 99.0, 81.0], [58.0, 0.0, 58.0, 40.0, 27.0, 60.0, 12.0, 46.0, 98.0, 34.0, 16.0, 67.0, 65.0, 30.0, 24.0, 47.0, 60.0, 98.0, 63.0, 12.0, 68.0, 91.0, 93.0, 70.0, 94.0, 79.0], [46.0, 58.0, 0.0, 67.0, 61.0, 58.0, 32.0, 45.0, 52.0, 90.0, 74.0, 38.0, 10.0, 76.0, 87.0, 46.0, 77.0, 24.0, 35.0, 45.0, 15.0, 13.0, 40.0, 36.0, 100.0, 78.0], [88.0, 40.0, 67.0, 0.0, 15.0, 65.0, 78.0, 26.0, 91.0, 25.0, 94.0, 54.0, 36.0, 72.0, 97.0, 39.0, 46.0, 38.0, 41.0, 97.0, 27.0, 93.0, 34.0, 91.0, 97.0, 76.0], [65.0, 27.0, 61.0, 15.0, 0.0, 35.0, 71.0, 98.0, 94.0, 96.0, 26.0, 30.0, 13.0, 55.0, 17.0, 100.0, 19.0, 54.0, 44.0, 53.0, 59.0, 80.0, 70.0, 74.0, 71.0, 35.0], [72.0, 60.0, 58.0, 65.0, 35.0, 0.0, 27.0, 18.0, 45.0, 59.0, 65.0, 87.0, 94.0, 90.0, 25.0, 25.0, 68.0, 16.0, 13.0, 43.0, 59.0, 23.0, 60.0, 95.0, 37.0, 32.0], [84.0, 12.0, 32.0, 78.0, 71.0, 27.0, 0.0, 38.0, 40.0, 10.0, 37.0, 71.0, 20.0, 41.0, 58.0, 93.0, 22.0, 99.0, 58.0, 46.0, 15.0, 14.0, 76.0, 97.0, 21.0, 46.0], [36.0, 46.0, 45.0, 26.0, 98.0, 18.0, 38.0, 0.0, 70.0, 74.0, 48.0, 75.0, 65.0, 67.0, 45.0, 45.0, 68.0, 37.0, 20.0, 98.0, 97.0, 63.0, 21.0, 88.0, 35.0, 48.0], [45.0, 98.0, 52.0, 91.0, 94.0, 45.0, 40.0, 70.0, 0.0, 60.0, 97.0, 49.0, 52.0, 20.0, 80.0, 67.0, 45.0, 52.0, 39.0, 57.0, 52.0, 93.0, 18.0, 85.0, 50.0, 58.0], [88.0, 34.0, 90.0, 25.0, 96.0, 59.0, 10.0, 74.0, 60.0, 0.0, 96.0, 46.0, 36.0, 67.0, 76.0, 74.0, 60.0, 83.0, 70.0, 92.0, 21.0, 90.0, 13.0, 71.0, 12.0, 92.0], [10.0, 16.0, 74.0, 94.0, 26.0, 65.0, 37.0, 48.0, 97.0, 96.0, 0.0, 41.0, 94.0, 48.0, 93.0, 55.0, 37.0, 17.0, 59.0, 17.0, 19.0, 57.0, 81.0, 36.0, 57.0, 17.0], [58.0, 67.0, 38.0, 54.0, 30.0, 87.0, 71.0, 75.0, 49.0, 46.0, 41.0, 0.0, 78.0, 97.0, 58.0, 47.0, 47.0, 73.0, 91.0, 85.0, 46.0, 66.0, 96.0, 12.0, 12.0, 80.0], [28.0, 65.0, 10.0, 36.0, 13.0, 94.0, 20.0, 65.0, 52.0, 36.0, 94.0, 78.0, 0.0, 19.0, 44.0, 76.0, 39.0, 97.0, 95.0, 54.0, 54.0, 50.0, 17.0, 99.0, 89.0, 92.0], [90.0, 30.0, 76.0, 72.0, 55.0, 90.0, 41.0, 67.0, 20.0, 67.0, 48.0, 97.0, 19.0, 0.0, 82.0, 65.0, 19.0, 32.0, 18.0, 86.0, 54.0, 80.0, 36.0, 38.0, 72.0, 32.0], [73.0, 24.0, 87.0, 97.0, 17.0, 25.0, 58.0, 45.0, 80.0, 76.0, 93.0, 58.0, 44.0, 82.0, 0.0, 43.0, 98.0, 92.0, 24.0, 78.0, 53.0, 25.0, 24.0, 77.0, 95.0, 65.0], [61.0, 47.0, 46.0, 39.0, 100.0, 25.0, 93.0, 45.0, 67.0, 74.0, 55.0, 47.0, 76.0, 65.0, 43.0, 0.0, 64.0, 22.0, 77.0, 29.0, 80.0, 68.0, 39.0, 66.0, 30.0, 20.0], [35.0, 60.0, 77.0, 46.0, 19.0, 68.0, 22.0, 68.0, 45.0, 60.0, 37.0, 47.0, 39.0, 19.0, 98.0, 64.0, 0.0, 73.0, 37.0, 20.0, 84.0, 31.0, 60.0, 65.0, 38.0, 85.0], [19.0, 98.0, 24.0, 38.0, 54.0, 16.0, 99.0, 37.0, 52.0, 83.0, 17.0, 73.0, 97.0, 32.0, 92.0, 22.0, 73.0, 0.0, 83.0, 43.0, 60.0, 41.0, 62.0, 74.0, 59.0, 40.0], [16.0, 63.0, 35.0, 41.0, 44.0, 13.0, 58.0, 20.0, 39.0, 70.0, 59.0, 91.0, 95.0, 18.0, 24.0, 77.0, 37.0, 83.0, 0.0, 85.0, 45.0, 80.0, 36.0, 41.0, 64.0, 54.0], [56.0, 12.0, 45.0, 97.0, 53.0, 43.0, 46.0, 98.0, 57.0, 92.0, 17.0, 85.0, 54.0, 86.0, 78.0, 29.0, 20.0, 43.0, 85.0, 0.0, 58.0, 11.0, 99.0, 80.0, 62.0, 78.0], [85.0, 68.0, 15.0, 27.0, 59.0, 59.0, 15.0, 97.0, 52.0, 21.0, 19.0, 46.0, 54.0, 54.0, 53.0, 80.0, 84.0, 60.0, 45.0, 58.0, 0.0, 40.0, 31.0, 22.0, 60.0, 75.0], [49.0, 91.0, 13.0, 93.0, 80.0, 23.0, 14.0, 63.0, 93.0, 90.0, 57.0, 66.0, 50.0, 80.0, 25.0, 68.0, 31.0, 41.0, 80.0, 11.0, 40.0, 0.0, 12.0, 66.0, 61.0, 79.0], [73.0, 93.0, 40.0, 34.0, 70.0, 60.0, 76.0, 21.0, 18.0, 13.0, 81.0, 96.0, 17.0, 36.0, 24.0, 39.0, 60.0, 62.0, 36.0, 99.0, 31.0, 12.0, 0.0, 27.0, 73.0, 99.0], [26.0, 70.0, 36.0, 91.0, 74.0, 95.0, 97.0, 88.0, 85.0, 71.0, 36.0, 12.0, 99.0, 38.0, 77.0, 66.0, 65.0, 74.0, 41.0, 80.0, 22.0, 66.0, 27.0, 0.0, 46.0, 100.0], [99.0, 94.0, 100.0, 97.0, 71.0, 37.0, 21.0, 35.0, 50.0, 12.0, 57.0, 12.0, 89.0, 72.0, 95.0, 30.0, 38.0, 59.0, 64.0, 62.0, 60.0, 61.0, 73.0, 46.0, 0.0, 47.0], [81.0, 79.0, 78.0, 76.0, 35.0, 32.0, 46.0, 48.0, 58.0, 92.0, 17.0, 80.0, 92.0, 32.0, 65.0, 20.0, 85.0, 40.0, 54.0, 78.0, 75.0, 79.0, 99.0, 100.0, 47.0, 0.0]]}