{"coords": [[60.59077061091078, 91.0759325616952], [18.86591380278867, 51.74269780855529], [44.69344568225071, 39.198326924946535], [39.81036529139917, 53.72023821074169], [30.52956478282728, 9.504709496090024], [83.05895274586457, 97.70960082390165], [57.65769000684947, 28.424781080481054], [9.199536539967767, 48.20371547188571], [75.20907917886608, 99.78432463553283], [95.4803918151444, 71.55180199535839], [0.05674538112248051, 95.70990824420745], [91.46492063790376, 6.410190584307096], [35.14546320209108, 40.68541846021022], [12.024501342210526, 72.36015783769273], [47.13556900424134, 83.8928452487717], [0.2172972905845283, 35.73238469519456], [79.33132870624299, 11.571516491451849], [54.895670362794945, 25.086620023335204], [34.03301573322213, 64.69018582064231], [40.48599012126102, 57.96385020005174], [42.639067488788974, 57.75621952898871], [82.2329982450865, 61.387676001075164], [43.03113235943798, 51.77794408928145], [59.258715914970885, 32.70053380852119], [67.20059973505174, 59.065740552481984], [23.38090193673572, 85.2209210245561], [21.50946207592417, 31.14048712182672], [17.74579510529899, 88.2795802681905], [20.356337116491453, 80.33093002632984], [26.605313117362183, 31.981509823260357], [33.66475139713343, 62.57192645547938], [96.83113873548274, 45.116950598741546], [9.131240066858703, 43.9725699380895], [78.3085111723371, 12.72620386109532]], "distances": [[0.0, 10.0, 31.0, 69.0, 54.0, 20.0, 100.0, 73.0, 94.0, 76.0, 70.0, 82.0, 48.0, 93.0, 31.0, 36.0, 21.0, 87.0, 43.0, 74.0, 96.0, 21.0, 22.0, 26.0, 43.0, 34.0, 51.0, 89.0, 27.0, 74.0, 98.0, 59.0, 54.0, 85.0], [10.0, 0.0, 96.0, 97.0, 87.0, 19.0, 68.0, 71.0, 50.0, 51.0, 26.0, 83.0, 28.0, 64.0, 16.0, 68.0, 73.0, 98.0, 77.0, 26.0, 19.0, 66.0, 48.0, 22.0, 29.0, 67.0, 95.0, 17.0, 51.0, 41.0, 78.0, 93.0, 60.0, 50.0], [31.0, 96.0, 0.0, 17.0, 54.0, 92.0, 36.0, 56.0, 35.0, 22.0, 48.0, 78.0, 17.0, 100.0, 61.0, 67.0, 32.0, 35.0, 76.0, 72.0, 20.0, 43.0, 37.0, 49.0, 99.0, 39.0, 82.0, 63.0, 95.0, 36.0, 24.0, 51.0, 90.0, 38.0], [69.0, 97.0, 17.0, 0.0, 63.0, 43.0, 68.0, 19.0, 60.0, 14.0, 45.0, 21.0, 39.0, 75.0, 52.0, 54.0, 23.0, 61.0, 97.0, 82.0, 92.0, 26.0, 39.0, 30.0, 55.0, 29.0, 14.0, 66.0, 32.0, 59.0, 91.0, 39.0, 78.0, 36.0], [54.0, 87.0, 54.0, 63.0, 0.0, 95.0, 32.0, 19.0, 53.0, 15.0, 79.0, 81.0, 36.0, 68.0, 33.0, 14.0, 27.0, 81.0, 36.0, 14.0, 93.0, 43.0, 74.0, 21.0, 38.0, 16.0, 87.0, 29.0, 89.0, 36.0, 42.0, 71.0, 24.0, 91.0], [20.0, 19.0, 92.0, 43.0, 95.0, 0.0, 67.0, 80.0, 97.0, 92.0, 64.0, 14.0, 35.0, 42.0, 31.0, 70.0, 21.0, 60.0, 65.0, 61.0, 35.0, 38.0, 80.0, 22.0, 63.0, 19.0, 50.0, 69.0, 18.0, 84.0, 55.0, 38.0, 33.0, 31.0], [100.0, 68.0, 36.0, 68.0, 32.0, 67.0, 0.0, 30.0, 50.0, 80.0, 60.0, 25.0, 24.0, 69.0, 58.0, 93.0, 76.0, 61.0, 59.0, 91.0, 40.0, 20.0, 57.0, 91.0, 36.0, 51.0, 18.0, 42.0, 31.0, 54.0, 15.0, 51.0, 35.0, 37.0], [73.0, 71.0, 56.0, 19.0, 19.0, 80.0, 30.0, 0.0, 45.0, 18.0, 99.0, 21.0, 99.0, 69.0, 70.0, 22.0, 72.0, 36.0, 25.0, 96.0, 70.0, 75.0, 22.0, 75.0, 59.0, 90.0, 43.0, 27.0, 66.0, 22.0, 23.0, 42.0, 99.0, 33.0], [94.0, 50.0, 35.0, 60.0, 53.0, 97.0, 50.0, 45.0, 0.0, 32.0, 66.0, 85.0, 20.0, 13.0, 86.0, 17.0, 29.0, 15.0, 29.0, 77.0, 31.0, 60.0, 57.0, 19.0, 83.0, 18.0, 90.0, 38.0, 58.0, 30.0, 93.0, 100.0, 25.0, 27.0], [76.0, 51.0, 22.0, 14.0, 15.0, 92.0, 80.0, 18.0, 32.0, 0.0, 83.0, 83.0, 55.0, 95.0, 18.0, 38.0, 85.0, 87.0, 13.0, 95.0, 49.0, 99.0, 64.0, 76.0, 60.0, 12.0, 63.0, 79.0, 32.0, 92.0, 18.0, 30.0, 45.0, 40.0], [70.0, 26.0, 48.0, 45.0, 79.0, 64.0, 60.0, 99.0, 66.0, 83.0, 0.0, 21.0, 92.0, 76.0, 55.0, 33.0, 87.0, 37.0, 95.0, 78.0, 12.0, 80.0, 63.0, 92.0, 97.0, 23.0, 86.0, 56.0, 38.0, 18.0, 52.0, 43.0, 96.0, 81.0], [82.0, 83.0, 78.0, 21.0, 81.0, 14.0, 25.0, 21.0, 85.0, 83.0, 21.0, 0.0, 16.0, 73.0, 69.0, 19.0, 11.0, 12.0, 91.0, 56.0, 28.0, 91.0, 53.0, 22.0, 85.0, 34.0, 60.0, 84.0, 96.0, 32.0, 89.0, 50.0, 83.0, 93.0], [48.0, 28.0, 17.0, 39.0, 36.0, 35.0, 24.0, 99.0, 20.0, 55.0, 92.0, 16.0, 0.0, 76.0, 25.0, 82.0, 63.0, 82.0, 89.0, 83.0, 42.0, 61.0, 63.0, 81.0, 50.0, 22.0, 11.0, 63.0, 23.0, 37.0, 70.0, 68.0, 60.0, 47.0], [93.0, 64.0, 100.0, 75.0, 68.0, 42.0, 69.0, 69.0, 13.0, 95.0, 76.0, 73.0, 76.0, 0.0, 77.0, 87.0, 31.0, 87.0, 44.0, 97.0, 17.0, 85.0, 78.0, 86.0, 47.0, 92.0, 31.0, 28.0, 56.0, 90.0, 49.0, 66.0, 92.0, 39.0], [31.0, 16.0, 61.0, 52.0, 33.0, 31.0, 58.0, 70.0, 86.0, 18.0, 55.0, 69.0, 25.0, 77.0, 0.0, 90.0, 76.0, 21.0, 90.0, 72.0, 51.0, 22.0, 60.0, 20.0, 78.0, 27.0, 86.0, 17.0, 31.0, 17.0, 62.0, 86.0, 98.0, 72.0], [36.0, 68.0, 67.0, 54.0, 14.0, 70.0, 93.0, 22.0, 17.0, 38.0, 33.0, 19.0, 82.0, 87.0, 90.0, 0.0, 62.0, 64.0, 71.0, 35.0, 19.0, 96.0, 55.0, 81.0, 75.0, 55.0, 31.0, 42.0, 14.0, 70.0, 66.0, 71.0, 77.0, 36.0], [21.0, 73.0, 32.0, 23.0, 27.0, 21.0, 76.0, 72.0, 29.0, 85.0, 87.0, 11.0, 63.0, 31.0, 76.0, 62.0, 0.0, 12.0, 57.0, 89.0, 71.0, 75.0, 45.0, 48.0, 24.0, 13.0, 76.0, 18.0, 70.0, 90.0, 46.0, 41.0, 97.0, 74.0], [87.0, 98.0, 35.0, 61.0, 81.0, 60.0, 61.0, 36.0, 15.0, 87.0, 37.0, 12.0, 82.0, 87.0, 21.0, 64.0, 12.0, 0.0, 28.0, 24.0, 63.0, 79.0, 95.0, 84.0, 45.0, 97.0, 37.0, 78.0, 26.0, 12.0, 48.0, 56.0, 11.0, 25.0], [43.0, 77.0, 76.0, 97.0, 36.0, 65.0, 59.0, 25.0, 29.0, 13.0, 95.0, 91.0, 89.0, 44.0, 90.0, 71.0, 57.0, 28.0, 0.0, 15.0, 93.0, 20.0, 19.0, 74.0, 77.0, 96.0, 72.0, 22.0, 55.0, 11.0, 45.0, 23.0, 61.0, 57.0], [74.0, 26.0, 72.0, 82.0, 14.0, 61.0, 91.0, 96.0, 77.0, 95.0, 78.0, 56.0, 83.0, 97.0, 72.0, 35.0, 89.0, 24.0, 15.0, 0.0, 37.0, 66.0, 49.0, 23.0, 20.0, 14.0, 22.0, 73.0, 17.0, 77.0, 70.0, 74.0, 66.0, 63.0], [96.0, 19.0, 20.0, 92.0, 93.0, 35.0, 40.0, 70.0, 31.0, 49.0, 12.0, 28.0, 42.0, 17.0, 51.0, 19.0, 71.0, 63.0, 93.0, 37.0, 0.0, 44.0, 74.0, 59.0, 84.0, 72.0, 49.0, 11.0, 44.0, 35.0, 31.0, 26.0, 58.0, 48.0], [21.0, 66.0, 43.0, 26.0, 43.0, 38.0, 20.0, 75.0, 60.0, 99.0, 80.0, 91.0, 61.0, 85.0, 22.0, 96.0, 75.0, 79.0, 20.0, 66.0, 44.0, 0.0, 25.0, 38.0, 48.0, 53.0, 53.0, 64.0, 42.0, 61.0, 78.0, 77.0, 81.0, 12.0], [22.0, 48.0, 37.0, 39.0, 74.0, 80.0, 57.0, 22.0, 57.0, 64.0, 63.0, 53.0, 63.0, 78.0, 60.0, 55.0, 45.0, 95.0, 19.0, 49.0, 74.0, 25.0, 0.0, 99.0, 99.0, 50.0, 29.0, 30.0, 100.0, 91.0, 79.0, 83.0, 61.0, 67.0], [26.0, 22.0, 49.0, 30.0, 21.0, 22.0, 91.0, 75.0, 19.0, 76.0, 92.0, 22.0, 81.0, 86.0, 20.0, 81.0, 48.0, 84.0, 74.0, 23.0, 59.0, 38.0, 99.0, 0.0, 31.0, 95.0, 66.0, 27.0, 17.0, 24.0, 70.0, 29.0, 10.0, 27.0], [43.0, 29.0, 99.0, 55.0, 38.0, 63.0, 36.0, 59.0, 83.0, 60.0, 97.0, 85.0, 50.0, 47.0, 78.0, 75.0, 24.0, 45.0, 77.0, 20.0, 84.0, 48.0, 99.0, 31.0, 0.0, 41.0, 59.0, 13.0, 57.0, 48.0, 52.0, 38.0, 47.0, 58.0], [34.0, 67.0, 39.0, 29.0, 16.0, 19.0, 51.0, 90.0, 18.0, 12.0, 23.0, 34.0, 22.0, 92.0, 27.0, 55.0, 13.0, 97.0, 96.0, 14.0, 72.0, 53.0, 50.0, 95.0, 41.0, 0.0, 87.0, 71.0, 23.0, 85.0, 18.0, 58.0, 80.0, 44.0], [51.0, 95.0, 82.0, 14.0, 87.0, 50.0, 18.0, 43.0, 90.0, 63.0, 86.0, 60.0, 11.0, 31.0, 86.0, 31.0, 76.0, 37.0, 72.0, 22.0, 49.0, 53.0, 29.0, 66.0, 59.0, 87.0, 0.0, 65.0, 44.0, 15.0, 46.0, 22.0, 74.0, 71.0], [89.0, 17.0, 63.0, 66.0, 29.0, 69.0, 42.0, 27.0, 38.0, 79.0, 56.0, 84.0, 63.0, 28.0, 17.0, 42.0, 18.0, 78.0, 22.0, 73.0, 11.0, 64.0, 30.0, 27.0, 13.0, 71.0, 65.0, 0.0, 50.0, 60.0, 59.0, 54.0, 60.0, 38.0], [27.0, 51.0, 95.0, 32.0, 89.0, 18.0, 31.0, 66.0, 58.0, 32.0, 38.0, 96.0, 23.0, 56.0, 31.0, 14.0, 70.0, 26.0, 55.0, 17.0, 44.0, 42.0, 100.0, 17.0, 57.0, 23.0, 44.0, 50.0, 0.0, 26.0, 80.0, 92.0, 93.0, 50.0], [74.0, 41.0, 36.0, 59.0, 36.0, 84.0, 54.0, 22.0, 30.0, 92.0, 18.0, 32.0, 37.0, 90.0, 17.0, 70.0, 90.0, 12.0, 11.0, 77.0, 35.0, 61.0, 91.0, 24.0, 48.0, 85.0, 15.0, 60.0, 26.0, 0.0, 37.0, 85.0, 32.0, 39.0], [98.0, 78.0, 24.0, 91.0, 42.0, 55.0, 15.0, 23.0, 93.0, 18.0, 52.0, 89.0, 70.0, 49.0, 62.0, 66.0, 46.0, 48.0, 45.0, 70.0, 31.0, 78.0, 79.0, 70.0, 52.0, 18.0, 46.0, 59.0, 80.0, 37.0, 0.0, 80.0, 59.0, 58.0], [59.0, 93.0, 51.0, 39.0, 71.0, 38.0, 51.0, 42.0, 100.0, 30.0, 43.0, 50.0, 68.0, 66.0, 86.0, 71.0, 41.0, 56.0, 23.0, 74.0, 26.0, 77.0, 83.0, 29.0, 38.0, 58.0, 22.0, 54.0, 92.0, 85.0, 80.0, 0.0, 72.0, 26.0], [54.0, 60.0, 90.0, 78.0, 24.0, 33.0,